[
  {"model": "fluoro_times.hospital", "pk": 1, "fields": {"name":  "BaraSjukhuset", "active": true}},
  {"model": "fluoro_times.cliniccategory", "pk": 1, "fields":  {"name":  "Kirurgi"}},
  {"model": "fluoro_times.cliniccategory", "pk": 2, "fields":  {"name":  "Röntgen"}},
  {"model": "fluoro_times.cliniccategory", "pk": 3, "fields":  {"name":  "Urologi"}},
  {"model": "fluoro_times.clinic", "pk": 1, "fields":  {"name":  "BarbaKirurgi", "clinic_category_id":  1, "hospital_id":  1}},
  {"model": "fluoro_times.clinic", "pk": 2, "fields":  {"name":  "BarbaRöntgen", "clinic_category_id":  2, "hospital_id":  1}},
  {"model": "fluoro_times.clinic", "pk": 3, "fields":  {"name":  "BarbaUrologi", "clinic_category_id":  3, "hospital_id":  1}},
  {"model": "fluoro_times.dirtyclinic", "pk": 1, "fields":  {"dirty_name":  "BarbaKirurgiSmutsig", "clinic_id":  1}},
  {"model": "fluoro_times.dirtyclinic", "pk": 2, "fields":  {"dirty_name":  "BarbaRötngenSmutsig", "clinic_id":  2}},
  {"model": "fluoro_times.dirtyclinic", "pk": 3, "fields":  {"dirty_name":  "BarbaUrologiSmutsig", "clinic_id":  3}},
  {"model": "fluoro_times.operator", "pk": 1, "fields":  {"first_name":  "Barba", "last_name": "Papa"}},
  {"model": "fluoro_times.operator", "pk": 2, "fields":  {"first_name":  "Barba", "last_name": "Mama"}},
  {"model": "fluoro_times.operator", "pk": 3, "fields":  {"first_name":  "Barba", "last_name": "Flink"}},
  {"model": "fluoro_times.operator", "pk": 4, "fields":  {"first_name":  "Barba", "last_name": "Bok"}},
  {"model": "fluoro_times.operator", "pk": 5, "fields":  {"first_name":  "Barba", "last_name": "Skön"}},
  {"model": "fluoro_times.dirtyoperator", "pk": 1, "fields":  {"dirty_name":  "BarbaPapaSmutsig", "operator_id": 1}},
  {"model": "fluoro_times.dirtyoperator", "pk": 2, "fields":  {"dirty_name":  "BarbaMamaSmutsig", "operator_id": 2}},
  {"model": "fluoro_times.dirtyoperator", "pk": 3, "fields":  {"dirty_name":  "BarbaBokSmutsig", "operator_id": 4}},
  {"model": "fluoro_times.dirtyoperator", "pk": 4, "fields":  {"dirty_name":  "BarbaFlinkSmutsig", "operator_id": 3}},
  {"model": "fluoro_times.dirtyoperator", "pk": 5, "fields":  {"dirty_name":  "BarbaSkönSmutsig", "operator_id": 5}},
  {"model": "fluoro_times.modality", "pk": 1, "fields":  {"name":  "C-båge1", "dose_unit": "gm", "active":  true}},
  {"model": "fluoro_times.modality", "pk": 2, "fields":  {"name":  "C-båge2", "dose_unit": "gcm", "active":  true}},
  {"model": "fluoro_times.modality", "pk": 3, "fields":  {"name":  "C-båge3", "dose_unit": "dgm", "active":  true}},
  {"model": "fluoro_times.modality", "pk": 4, "fields":  {"name":  "C-båge4", "dose_unit": "cgdm", "active":  true}},
  {"model": "fluoro_times.modality", "pk": 5, "fields":  {"name":  "C-båge5", "dose_unit": "dgcm", "active":  true}},
  {"model": "fluoro_times.dirtymodality", "pk": 1, "fields":  {"name":  "C-båge1", "modality_id":  1}},
  {"model": "fluoro_times.dirtymodality", "pk": 2, "fields":  {"name":  "C-båge3Smutsig", "modality_id":  3}},
  {"model": "fluoro_times.dirtymodality", "pk": 3, "fields":  {"name":  "C-båge2Smutsig", "modality_id":  2}},
  {"model": "fluoro_times.dirtymodality", "pk": 4, "fields":  {"name":  "C-båge5Smutsig", "modality_id":  5}},
  {"model": "fluoro_times.dirtymodality", "pk": 5, "fields":  {"name":  "C-båge4Smutsig", "modality_id": 4}},
  {"model": "fluoro_times.modalityclinicmap", "pk": 1, "fields":  {"clinic_id":  1, "modality_id": 1}},
  {"model": "fluoro_times.modalityclinicmap", "pk": 2, "fields":  {"clinic_id":  1, "modality_id": 2}},
  {"model": "fluoro_times.modalityclinicmap", "pk": 3, "fields":  {"clinic_id":  1, "modality_id": 3}},
  {"model": "fluoro_times.modalityclinicmap", "pk": 4, "fields":  {"clinic_id":  2, "modality_id": 3}},
  {"model": "fluoro_times.modalityclinicmap", "pk": 5, "fields":  {"clinic_id":  2, "modality_id": 4}},
  {"model": "fluoro_times.modalityclinicmap", "pk": 6, "fields":  {"clinic_id":  3, "modality_id": 5}},
  {"model": "fluoro_times.operatorclinicmap", "pk": 1, "fields":  {"clinic_id":  1, "operator_id": 1}},
  {"model": "fluoro_times.operatorclinicmap", "pk": 2, "fields":  {"clinic_id":  1, "operator_id": 2}},
  {"model": "fluoro_times.operatorclinicmap", "pk": 3, "fields":  {"clinic_id":  1, "operator_id": 3}},
  {"model": "fluoro_times.operatorclinicmap", "pk": 4, "fields":  {"clinic_id":  2, "operator_id": 3}},
  {"model": "fluoro_times.operatorclinicmap", "pk": 5, "fields":  {"clinic_id":  2, "operator_id": 4}},
  {"model": "fluoro_times.operatorclinicmap", "pk": 6, "fields":  {"clinic_id":  3, "operator_id": 5}}
]